-- phpMyAdmin SQL Dump
-- version 5.1.0
-- https://www.phpmyadmin.net/
--
-- Host: 127.0.0.1
-- Generation Time: Jul 16, 2022 at 08:58 PM
-- Server version: 10.4.18-MariaDB
-- PHP Version: 7.3.27

SET SQL_MODE = "NO_AUTO_VALUE_ON_ZERO";
START TRANSACTION;
SET time_zone = "+00:00";


/*!40101 SET @OLD_CHARACTER_SET_CLIENT=@@CHARACTER_SET_CLIENT */;
/*!40101 SET @OLD_CHARACTER_SET_RESULTS=@@CHARACTER_SET_RESULTS */;
/*!40101 SET @OLD_COLLATION_CONNECTION=@@COLLATION_CONNECTION */;
/*!40101 SET NAMES utf8mb4 */;

--
-- Database: `software`
--

-- --------------------------------------------------------

--
-- Table structure for table `ci_sessions`
--

CREATE TABLE `ci_sessions` (
  `session_id` varchar(40) NOT NULL DEFAULT '0',
  `ip_address` varchar(45) NOT NULL DEFAULT '0',
  `user_agent` varchar(120) NOT NULL,
  `last_activity` int(10) UNSIGNED NOT NULL DEFAULT 0,
  `user_data` text NOT NULL
) ENGINE=InnoDB DEFAULT CHARSET=utf8;

-- --------------------------------------------------------

--
-- Table structure for table `destination_master`
--

CREATE TABLE `destination_master` (
  `dest_id` int(11) NOT NULL,
  `dest_code` varchar(255) DEFAULT NULL,
  `dest_name` text DEFAULT NULL,
  `dest_dest1` text DEFAULT NULL,
  `dest_dest2` text NOT NULL,
  `userId` int(11) NOT NULL DEFAULT 0,
  `createdDtm` datetime NOT NULL,
  `createdBy` int(11) NOT NULL DEFAULT 0,
  `dest_log` longblob DEFAULT NULL
) ENGINE=InnoDB DEFAULT CHARSET=utf8;

--
-- Dumping data for table `destination_master`
--

INSERT INTO `destination_master` (`dest_id`, `dest_code`, `dest_name`, `dest_dest1`, `dest_dest2`, `userId`, `createdDtm`, `createdBy`, `dest_log`) VALUES
(1, '12345', 'destination 1', 'desc1 123', 'desc2 456', 10, '0000-00-00 00:00:00', 0, 0x5b7b2264617465223a22323032322d30372d31362032303a32363a3430222c22757365724964223a2231227d2c7b2264617465223a22323032322d30372d31362032303a34323a3539222c22757365724964223a2231227d5d),
(3, NULL, 'test 123', 'test 1 1', 'test 2 456', 1, '2022-07-16 20:27:38', 1, 0x5b7b2264617465223a22323032322d30372d31362032303a32383a3030222c22757365724964223a2231227d2c7b2264617465223a22323032322d30372d31362032303a34333a3132222c22757365724964223a2231227d5d);

-- --------------------------------------------------------

--
-- Table structure for table `factory_master`
--

CREATE TABLE `factory_master` (
  `fc_id` int(11) NOT NULL,
  `fc_code` text NOT NULL,
  `fc_name` text NOT NULL,
  `fc_address` text NOT NULL,
  `fc_landmark` text NOT NULL,
  `fc_contact1` text NOT NULL,
  `fc_contact2` text NOT NULL,
  `fc_contact3` text NOT NULL,
  `fc_email1` text NOT NULL,
  `fc_email2` text NOT NULL,
  `userId` int(11) NOT NULL,
  `fc_log` longblob NOT NULL
) ENGINE=InnoDB DEFAULT CHARSET=utf8;

--
-- Dumping data for table `factory_master`
--

INSERT INTO `factory_master` (`fc_id`, `fc_code`, `fc_name`, `fc_address`, `fc_landmark`, `fc_contact1`, `fc_contact2`, `fc_contact3`, `fc_email1`, `fc_email2`, `userId`, `fc_log`) VALUES
(1, 'FC1', 'Factory 1', 'Factory 1, Morabi', 'Morabi', '123456', '78945600', '654879', 'test@mail.com', 'test1@mail.com', 2, 0x5b7b2264617465223a22323032322d30372d31362032303a32393a3034222c22757365724964223a2231227d2c7b2264617465223a22323032322d30372d31362032303a32393a3237222c22757365724964223a2231227d5d),
(2, 'FC2', 'Factory 2', 'Factory 2, Morabi', 'Morabi', 'Person 12', 'Person 2', 'Person 3', 'factory@mail.com', 'factory@mail.com', 3, 0x5b7b2264617465223a22323032322d30372d31362031393a33313a3032222c22757365724964223a2231227d2c7b2264617465223a22323032322d30372d31362032303a32393a3539222c22757365724964223a2231227d5d);

-- --------------------------------------------------------

--
-- Table structure for table `tbl_access_matrix`
--

CREATE TABLE `tbl_access_matrix` (
  `id` int(11) NOT NULL,
  `access` text DEFAULT NULL,
  `roleId` int(11) NOT NULL,
  `isDeleted` tinyint(4) NOT NULL DEFAULT 0,
  `createdBy` int(11) NOT NULL,
  `createdDtm` datetime NOT NULL,
  `updatedBy` int(11) DEFAULT NULL,
  `updatedDtm` datetime DEFAULT NULL
) ENGINE=InnoDB DEFAULT CHARSET=utf8;

--
-- Dumping data for table `tbl_access_matrix`
--

INSERT INTO `tbl_access_matrix` (`id`, `access`, `roleId`, `isDeleted`, `createdBy`, `createdDtm`, `updatedBy`, `updatedDtm`) VALUES
(1, '[{\"module\":\"Task\",\"total_access\":0,\"list\":1,\"create_records\":0,\"edit_records\":0,\"delete_records\":0},{\"module\":\"Booking\",\"total_access\":0,\"list\":1,\"create_records\":0,\"edit_records\":0,\"delete_records\":0}]', 12, 0, 1, '2022-06-17 21:01:02', 1, '2022-06-18 20:50:58'),
(2, '[{\"module\":\"Task\",\"total_access\":0,\"list\":0,\"create_records\":0,\"edit_records\":0,\"delete_records\":0},{\"module\":\"Booking\",\"total_access\":0,\"list\":0,\"create_records\":0,\"edit_records\":0,\"delete_records\":0}]', 3, 0, 1, '2022-07-02 08:06:46', NULL, NULL),
(3, '[{\"module\":\"Task\",\"total_access\":0,\"list\":0,\"create_records\":0,\"edit_records\":0,\"delete_records\":0},{\"module\":\"Booking\",\"total_access\":0,\"list\":0,\"create_records\":0,\"edit_records\":0,\"delete_records\":0}]', 2, 0, 1, '2022-07-12 10:20:45', NULL, NULL);

-- --------------------------------------------------------

--
-- Table structure for table `tbl_booking`
--

CREATE TABLE `tbl_booking` (
  `bookingId` int(4) NOT NULL,
  `roomName` varchar(256) NOT NULL,
  `description` varchar(1024) DEFAULT NULL,
  `isDeleted` tinyint(4) NOT NULL DEFAULT 0,
  `createdBy` int(11) NOT NULL,
  `createdDtm` datetime NOT NULL,
  `updatedBy` int(11) DEFAULT NULL,
  `updatedDtm` datetime DEFAULT NULL
) ENGINE=InnoDB DEFAULT CHARSET=utf8;

--
-- Dumping data for table `tbl_booking`
--

INSERT INTO `tbl_booking` (`bookingId`, `roomName`, `description`, `isDeleted`, `createdBy`, `createdDtm`, `updatedBy`, `updatedDtm`) VALUES
(1, 'Hall', 'This is description edit', 0, 1, '2022-06-17 21:52:00', 1, '2022-06-17 21:58:05'),
(2, 'Meeting room 2', 'Meeting room 2 booked for German client', 0, 1, '2022-06-17 21:58:44', NULL, NULL),
(3, 'Meeting room 2', 'Hold for developer and QA discussion', 0, 14, '2022-06-17 22:21:26', 14, '2022-06-17 22:21:55'),
(4, 'Meeting room 3', 'Meeting with BA & QA', 0, 1, '2022-06-18 20:22:38', 1, '2022-06-18 20:22:49');

-- --------------------------------------------------------

--
-- Table structure for table `tbl_last_login`
--

CREATE TABLE `tbl_last_login` (
  `id` bigint(20) NOT NULL,
  `userId` bigint(20) NOT NULL,
  `sessionData` varchar(2048) NOT NULL,
  `machineIp` varchar(1024) NOT NULL,
  `userAgent` varchar(128) NOT NULL,
  `agentString` varchar(1024) NOT NULL,
  `platform` varchar(128) NOT NULL,
  `createdDtm` datetime NOT NULL DEFAULT current_timestamp()
) ENGINE=InnoDB DEFAULT CHARSET=utf8;

--
-- Dumping data for table `tbl_last_login`
--

INSERT INTO `tbl_last_login` (`id`, `userId`, `sessionData`, `machineIp`, `userAgent`, `agentString`, `platform`, `createdDtm`) VALUES
(1, 1, '{\"role\":\"1\",\"roleText\":\"System Administrator\",\"name\":\"System Administrator\",\"isAdmin\":\"1\"}', '::1', 'Chrome 99.0.4844.84', 'Mozilla/5.0 (Windows NT 6.1) AppleWebKit/537.36 (KHTML, like Gecko) Chrome/99.0.4844.84 Safari/537.36', 'Windows 7', '2022-04-04 22:19:07'),
(2, 1, '{\"role\":\"1\",\"roleText\":\"System Administrator\",\"name\":\"System Administrator\",\"isAdmin\":\"1\"}', '::1', 'Chrome 102.0.0.0', 'Mozilla/5.0 (Windows NT 6.1) AppleWebKit/537.36 (KHTML, like Gecko) Chrome/102.0.0.0 Safari/537.36', 'Windows 7', '2022-06-17 01:33:45'),
(3, 14, '{\"role\":\"11\",\"roleText\":\"Project Manager L6\",\"name\":\"Pml6\",\"isAdmin\":\"2\"}', '::1', 'Chrome 102.0.0.0', 'Mozilla/5.0 (Windows NT 6.1) AppleWebKit/537.36 (KHTML, like Gecko) Chrome/102.0.0.0 Safari/537.36', 'Windows 7', '2022-06-17 01:35:50'),
(4, 14, '{\"role\":\"11\",\"roleText\":\"Project Manager L6\",\"name\":\"Pml6\",\"isAdmin\":\"2\"}', '::1', 'Chrome 102.0.0.0', 'Mozilla/5.0 (Windows NT 6.1) AppleWebKit/537.36 (KHTML, like Gecko) Chrome/102.0.0.0 Safari/537.36', 'Windows 7', '2022-06-17 01:36:25'),
(5, 14, '{\"role\":\"11\",\"roleText\":\"Project Manager L6\",\"name\":\"Pml6\",\"isAdmin\":\"2\"}', '::1', 'Chrome 102.0.0.0', 'Mozilla/5.0 (Windows NT 6.1) AppleWebKit/537.36 (KHTML, like Gecko) Chrome/102.0.0.0 Safari/537.36', 'Windows 7', '2022-06-17 02:06:57'),
(6, 14, '{\"role\":\"11\",\"roleText\":\"Project Manager L6\",\"name\":\"Pml6\",\"isAdmin\":\"2\"}', '::1', 'Chrome 102.0.0.0', 'Mozilla/5.0 (Windows NT 6.1) AppleWebKit/537.36 (KHTML, like Gecko) Chrome/102.0.0.0 Safari/537.36', 'Windows 7', '2022-06-17 02:08:21'),
(7, 14, '{\"role\":\"11\",\"roleText\":\"Project Manager L6\",\"name\":\"Pml6\",\"isAdmin\":\"2\"}', '::1', 'Chrome 102.0.0.0', 'Mozilla/5.0 (Windows NT 6.1) AppleWebKit/537.36 (KHTML, like Gecko) Chrome/102.0.0.0 Safari/537.36', 'Windows 7', '2022-06-17 02:16:40'),
(8, 14, '{\"role\":\"11\",\"roleText\":\"Project Manager L6\",\"name\":\"Pml6\",\"isAdmin\":\"2\"}', '::1', 'Chrome 102.0.0.0', 'Mozilla/5.0 (Windows NT 6.1) AppleWebKit/537.36 (KHTML, like Gecko) Chrome/102.0.0.0 Safari/537.36', 'Windows 7', '2022-06-17 02:17:26'),
(9, 1, '{\"role\":\"1\",\"roleText\":\"System Administrator\",\"name\":\"System Administrator\",\"isAdmin\":\"1\"}', '::1', 'Chrome 102.0.0.0', 'Mozilla/5.0 (Windows NT 6.1) AppleWebKit/537.36 (KHTML, like Gecko) Chrome/102.0.0.0 Safari/537.36', 'Windows 7', '2022-06-17 02:30:21'),
(10, 1, '{\"role\":\"1\",\"roleText\":\"System Administrator\",\"name\":\"System Administrator\",\"isAdmin\":\"1\"}', '::1', 'Chrome 102.0.0.0', 'Mozilla/5.0 (Windows NT 6.1) AppleWebKit/537.36 (KHTML, like Gecko) Chrome/102.0.0.0 Safari/537.36', 'Windows 7', '2022-06-17 02:30:39'),
(11, 1, '{\"role\":\"1\",\"roleText\":\"System Administrator\",\"name\":\"System Administrator\",\"isAdmin\":\"1\"}', '::1', 'Chrome 102.0.0.0', 'Mozilla/5.0 (Windows NT 6.1) AppleWebKit/537.36 (KHTML, like Gecko) Chrome/102.0.0.0 Safari/537.36', 'Windows 7', '2022-06-17 23:49:29'),
(12, 14, '{\"role\":\"11\",\"roleText\":\"Project Manager L6\",\"name\":\"Pml6\",\"isAdmin\":\"2\"}', '::1', 'Chrome 102.0.0.0', 'Mozilla/5.0 (Windows NT 6.1) AppleWebKit/537.36 (KHTML, like Gecko) Chrome/102.0.0.0 Safari/537.36', 'Windows 7', '2022-06-18 01:41:39'),
(13, 14, '{\"role\":\"12\",\"roleText\":\"Data Entry Operator\",\"name\":\"Pml6\",\"isAdmin\":\"2\"}', '::1', 'Chrome 102.0.0.0', 'Mozilla/5.0 (Windows NT 6.1) AppleWebKit/537.36 (KHTML, like Gecko) Chrome/102.0.0.0 Safari/537.36', 'Windows 7', '2022-06-18 01:42:38'),
(14, 14, '{\"role\":\"12\",\"roleText\":\"Data Entry Operator\",\"name\":\"Pml6\",\"isAdmin\":\"2\"}', '::1', 'Chrome 102.0.0.0', 'Mozilla/5.0 (Windows NT 6.1) AppleWebKit/537.36 (KHTML, like Gecko) Chrome/102.0.0.0 Safari/537.36', 'Windows 7', '2022-06-18 01:51:18'),
(15, 14, '{\"role\":\"12\",\"roleText\":\"Data Entry Operator\",\"name\":\"Pml6\",\"isAdmin\":\"2\"}', '::1', 'Chrome 102.0.0.0', 'Mozilla/5.0 (Windows NT 6.1) AppleWebKit/537.36 (KHTML, like Gecko) Chrome/102.0.0.0 Safari/537.36', 'Windows 7', '2022-06-18 01:54:04'),
(16, 1, '{\"role\":\"1\",\"roleText\":\"System Administrator\",\"name\":\"System Administrator\",\"isAdmin\":\"1\"}', '::1', 'Chrome 102.0.0.0', 'Mozilla/5.0 (Windows NT 6.1) AppleWebKit/537.36 (KHTML, like Gecko) Chrome/102.0.0.0 Safari/537.36', 'Windows 7', '2022-06-18 02:15:01'),
(17, 1, '{\"role\":\"1\",\"roleText\":\"System Administrator\",\"name\":\"System Administrator\",\"isAdmin\":\"1\"}', '::1', 'Chrome 102.0.0.0', 'Mozilla/5.0 (Windows NT 6.1) AppleWebKit/537.36 (KHTML, like Gecko) Chrome/102.0.0.0 Safari/537.36', 'Windows 7', '2022-06-18 23:52:14'),
(18, 14, '{\"role\":\"12\",\"roleText\":\"Data Entry Operator\",\"name\":\"Pml6\",\"isAdmin\":\"2\"}', '::1', 'Chrome 102.0.0.0', 'Mozilla/5.0 (Windows NT 6.1) AppleWebKit/537.36 (KHTML, like Gecko) Chrome/102.0.0.0 Safari/537.36', 'Windows 7', '2022-06-18 23:53:41'),
(19, 14, '{\"role\":\"12\",\"roleText\":\"Data Entry Operator\",\"name\":\"Pml6\",\"isAdmin\":\"2\"}', '::1', 'Chrome 102.0.0.0', 'Mozilla/5.0 (Windows NT 6.1) AppleWebKit/537.36 (KHTML, like Gecko) Chrome/102.0.0.0 Safari/537.36', 'Windows 7', '2022-06-18 23:55:24'),
(20, 14, '{\"role\":\"12\",\"roleText\":\"Data Entry Operator\",\"name\":\"Pml6\",\"isAdmin\":\"2\"}', '::1', 'Chrome 102.0.0.0', 'Mozilla/5.0 (Windows NT 6.1) AppleWebKit/537.36 (KHTML, like Gecko) Chrome/102.0.0.0 Safari/537.36', 'Windows 7', '2022-06-18 23:57:25'),
(21, 14, '{\"role\":\"12\",\"roleText\":\"Data Entry Operator\",\"name\":\"Pml6\",\"isAdmin\":\"2\"}', '::1', 'Chrome 102.0.0.0', 'Mozilla/5.0 (Windows NT 6.1) AppleWebKit/537.36 (KHTML, like Gecko) Chrome/102.0.0.0 Safari/537.36', 'Windows 7', '2022-06-19 00:21:13'),
(22, 1, '{\"role\":\"1\",\"roleText\":\"System Administrator\",\"name\":\"System Administrator\",\"isAdmin\":\"1\"}', '127.0.0.1', 'Firefox 102.0', 'Mozilla/5.0 (Windows NT 10.0; Win64; x64; rv:102.0) Gecko/20100101 Firefox/102.0', 'Windows 10', '2022-07-02 11:29:38'),
(23, 1, '{\"role\":\"1\",\"roleText\":\"System Administrator\",\"name\":\"System Administrator\",\"isAdmin\":\"1\"}', '127.0.0.1', 'Firefox 102.0', 'Mozilla/5.0 (Windows NT 10.0; Win64; x64; rv:102.0) Gecko/20100101 Firefox/102.0', 'Windows 10', '2022-07-04 07:57:59'),
(24, 1, '{\"role\":\"1\",\"roleText\":\"System Administrator\",\"name\":\"System Administrator\",\"isAdmin\":\"1\"}', '127.0.0.1', 'Firefox 102.0', 'Mozilla/5.0 (Windows NT 10.0; Win64; x64; rv:102.0) Gecko/20100101 Firefox/102.0', 'Windows 10', '2022-07-11 07:39:36'),
(25, 1, '{\"role\":\"1\",\"roleText\":\"System Administrator\",\"name\":\"System Administrator\",\"isAdmin\":\"1\"}', '127.0.0.1', 'Firefox 102.0', 'Mozilla/5.0 (Windows NT 10.0; Win64; x64; rv:102.0) Gecko/20100101 Firefox/102.0', 'Windows 10', '2022-07-12 13:32:38'),
(26, 1, '{\"role\":\"1\",\"roleText\":\"System Administrator\",\"name\":\"System Administrator\",\"isAdmin\":\"1\"}', '127.0.0.1', 'Firefox 102.0', 'Mozilla/5.0 (Windows NT 10.0; Win64; x64; rv:102.0) Gecko/20100101 Firefox/102.0', 'Windows 10', '2022-07-12 17:51:59'),
(27, 1, '{\"role\":\"1\",\"roleText\":\"System Administrator\",\"name\":\"System Administrator\",\"isAdmin\":\"1\"}', '127.0.0.1', 'Firefox 102.0', 'Mozilla/5.0 (Windows NT 10.0; Win64; x64; rv:102.0) Gecko/20100101 Firefox/102.0', 'Windows 10', '2022-07-12 18:24:36'),
(28, 1, '{\"role\":\"1\",\"roleText\":\"System Administrator\",\"name\":\"System Administrator\",\"isAdmin\":\"1\"}', '127.0.0.1', 'Firefox 102.0', 'Mozilla/5.0 (Windows NT 10.0; Win64; x64; rv:102.0) Gecko/20100101 Firefox/102.0', 'Windows 10', '2022-07-13 07:59:00'),
(29, 1, '{\"role\":\"1\",\"roleText\":\"System Administrator\",\"name\":\"System Administrator\",\"isAdmin\":\"1\"}', '127.0.0.1', 'Firefox 102.0', 'Mozilla/5.0 (Windows NT 10.0; Win64; x64; rv:102.0) Gecko/20100101 Firefox/102.0', 'Windows 10', '2022-07-14 07:35:26'),
(30, 1, '{\"role\":\"1\",\"roleText\":\"System Administrator\",\"name\":\"System Administrator\",\"isAdmin\":\"1\"}', '127.0.0.1', 'Firefox 102.0', 'Mozilla/5.0 (Windows NT 10.0; Win64; x64; rv:102.0) Gecko/20100101 Firefox/102.0', 'Windows 10', '2022-07-15 07:53:23'),
(31, 1, '{\"role\":\"1\",\"roleText\":\"System Administrator\",\"name\":\"System Administrator\",\"isAdmin\":\"1\"}', '127.0.0.1', 'Firefox 102.0', 'Mozilla/5.0 (Windows NT 10.0; Win64; x64; rv:102.0) Gecko/20100101 Firefox/102.0', 'Windows 10', '2022-07-16 21:23:58');

-- --------------------------------------------------------

--
-- Table structure for table `tbl_reset_password`
--

CREATE TABLE `tbl_reset_password` (
  `id` bigint(20) NOT NULL,
  `email` varchar(128) NOT NULL,
  `activation_id` varchar(32) NOT NULL,
  `agent` varchar(512) NOT NULL,
  `client_ip` varchar(32) NOT NULL,
  `isDeleted` tinyint(4) NOT NULL DEFAULT 0,
  `createdBy` bigint(20) NOT NULL DEFAULT 1,
  `createdDtm` datetime NOT NULL,
  `updatedBy` bigint(20) DEFAULT NULL,
  `updatedDtm` datetime DEFAULT NULL
) ENGINE=InnoDB DEFAULT CHARSET=latin1;

-- --------------------------------------------------------

--
-- Table structure for table `tbl_roles`
--

CREATE TABLE `tbl_roles` (
  `roleId` tinyint(4) NOT NULL COMMENT 'role id',
  `role` varchar(50) NOT NULL COMMENT 'role text',
  `status` tinyint(4) NOT NULL DEFAULT 1,
  `isDeleted` tinyint(4) NOT NULL DEFAULT 0,
  `createdBy` int(11) NOT NULL,
  `createdDtm` datetime NOT NULL,
  `updatedBy` int(11) DEFAULT NULL,
  `updatedDtm` datetime DEFAULT NULL
) ENGINE=InnoDB DEFAULT CHARSET=utf8;

--
-- Dumping data for table `tbl_roles`
--

INSERT INTO `tbl_roles` (`roleId`, `role`, `status`, `isDeleted`, `createdBy`, `createdDtm`, `updatedBy`, `updatedDtm`) VALUES
(1, 'System Administrator', 1, 0, 0, '2021-01-21 00:00:00', 1, '2022-06-17 20:21:46'),
(2, 'Manager', 1, 0, 0, '2021-01-13 00:00:00', NULL, NULL),
(3, 'Employee', 1, 0, 0, '2021-01-13 00:00:00', 1, '2021-01-22 18:11:16');

-- --------------------------------------------------------

--
-- Table structure for table `tbl_task`
--

CREATE TABLE `tbl_task` (
  `taskId` int(4) NOT NULL,
  `taskTitle` varchar(256) NOT NULL,
  `description` varchar(1024) DEFAULT NULL,
  `isDeleted` tinyint(4) NOT NULL DEFAULT 0,
  `createdBy` int(11) NOT NULL,
  `createdDtm` datetime NOT NULL,
  `updatedBy` int(11) DEFAULT NULL,
  `updatedDtm` datetime DEFAULT NULL
) ENGINE=InnoDB DEFAULT CHARSET=utf8;

--
-- Dumping data for table `tbl_task`
--

INSERT INTO `tbl_task` (`taskId`, `taskTitle`, `description`, `isDeleted`, `createdBy`, `createdDtm`, `updatedBy`, `updatedDtm`) VALUES
(1, 'Small Task 1', 'Small task related to addition, substraction', 0, 1, '2022-06-18 20:47:47', 1, '2022-06-18 20:49:40'),
(2, 'Small Task 2', 'Closure task', 0, 1, '2022-06-18 20:49:48', 1, '2022-06-18 20:50:05');

-- --------------------------------------------------------

--
-- Table structure for table `tbl_users`
--

CREATE TABLE `tbl_users` (
  `userId` int(11) NOT NULL,
  `email` varchar(128) NOT NULL COMMENT 'login email',
  `password` varchar(128) NOT NULL COMMENT 'hashed login password',
  `name` varchar(128) DEFAULT NULL COMMENT 'full name of user',
  `mobile` varchar(20) DEFAULT NULL,
  `roleId` tinyint(4) NOT NULL,
  `isAdmin` tinyint(4) NOT NULL DEFAULT 2,
  `isDeleted` tinyint(4) NOT NULL DEFAULT 0,
  `createdBy` int(11) NOT NULL,
  `createdDtm` datetime NOT NULL,
  `updatedBy` int(11) DEFAULT NULL,
  `updatedDtm` datetime DEFAULT NULL
) ENGINE=InnoDB DEFAULT CHARSET=utf8;

--
-- Dumping data for table `tbl_users`
--

INSERT INTO `tbl_users` (`userId`, `email`, `password`, `name`, `mobile`, `roleId`, `isAdmin`, `isDeleted`, `createdBy`, `createdDtm`, `updatedBy`, `updatedDtm`) VALUES
(1, 'admin@example.com', '$2y$10$6Y28WIo2Oz.p8xsEMYcCmuvvijXZU8.sRT3737ix.vN1CwGs3NJk6', 'System Administrator', '9890098900', 1, 1, 0, 0, '2015-07-01 18:56:49', 1, '2021-06-01 16:17:08'),
(2, 'manager@example.com', '$2y$10$quODe6vkNma30rcxbAHbYuKYAZQqUaflBgc4YpV9/90ywd.5Koklm', 'Manager', '9890098900', 2, 0, 0, 1, '2016-12-09 17:49:56', 1, '2020-02-01 19:36:12'),
(3, 'employee@example.com', '$2y$10$UYsH1G7MkDg1cutOdgl2Q.ZbXjyX.CSjsdgQKvGzAgl60RXZxpB5u', 'Employee', '9890098900', 3, 0, 1, 1, '2016-12-09 17:50:22', 1, '2019-11-09 18:13:17'),
(9, 'employee2@example.com', '$2y$10$DBnqnZDQMNW3GASPNJQ2RubfqG1WNupMBP4HKwHYRKQNHgA65Nhly', 'Employee2', '9890098900', 3, 0, 1, 1, '2019-03-26 11:40:50', 1, '2019-11-09 18:12:13'),
(10, 'employee@example.com', '$2y$10$DcK/YcVNOP/CxfGbcEDH1OzR8D4KyG1lpe/XgRGfijj158Ru0kKN.', 'Employee', '7410852000', 3, 2, 0, 1, '2020-02-01 19:36:41', 1, '2022-04-01 19:27:27'),
(12, 'email@example.com', '$2y$10$CGJsY/FZMn8L4.JfO.ZojOwbK9RUCQSx4dnqU1NgkO3ffq26i0WDG', 'From 12', '8520741222', 3, 0, 0, 1, '2021-01-15 13:42:11', 1, '2021-02-05 17:25:44'),
(14, 'pml6@example.com', '$2y$10$dKNyAreVxt6gQIpNfhejeO/PtxSpKd/8gNsQib5CicmEvSTa.IUkW', 'Pml6', '7410852000', 12, 2, 1, 1, '2022-06-16 22:05:15', 1, '2022-07-12 10:21:22');

--
-- Indexes for dumped tables
--

--
-- Indexes for table `ci_sessions`
--
ALTER TABLE `ci_sessions`
  ADD PRIMARY KEY (`session_id`),
  ADD KEY `last_activity_idx` (`last_activity`);

--
-- Indexes for table `destination_master`
--
ALTER TABLE `destination_master`
  ADD PRIMARY KEY (`dest_id`);

--
-- Indexes for table `factory_master`
--
ALTER TABLE `factory_master`
  ADD PRIMARY KEY (`fc_id`);

--
-- Indexes for table `tbl_access_matrix`
--
ALTER TABLE `tbl_access_matrix`
  ADD PRIMARY KEY (`id`);

--
-- Indexes for table `tbl_booking`
--
ALTER TABLE `tbl_booking`
  ADD PRIMARY KEY (`bookingId`);

--
-- Indexes for table `tbl_last_login`
--
ALTER TABLE `tbl_last_login`
  ADD PRIMARY KEY (`id`);

--
-- Indexes for table `tbl_reset_password`
--
ALTER TABLE `tbl_reset_password`
  ADD PRIMARY KEY (`id`);

--
-- Indexes for table `tbl_roles`
--
ALTER TABLE `tbl_roles`
  ADD PRIMARY KEY (`roleId`);

--
-- Indexes for table `tbl_task`
--
ALTER TABLE `tbl_task`
  ADD PRIMARY KEY (`taskId`);

--
-- Indexes for table `tbl_users`
--
ALTER TABLE `tbl_users`
  ADD PRIMARY KEY (`userId`);

--
-- AUTO_INCREMENT for dumped tables
--

--
-- AUTO_INCREMENT for table `destination_master`
--
ALTER TABLE `destination_master`
  MODIFY `dest_id` int(11) NOT NULL AUTO_INCREMENT, AUTO_INCREMENT=4;

--
-- AUTO_INCREMENT for table `factory_master`
--
ALTER TABLE `factory_master`
  MODIFY `fc_id` int(11) NOT NULL AUTO_INCREMENT, AUTO_INCREMENT=3;

--
-- AUTO_INCREMENT for table `tbl_access_matrix`
--
ALTER TABLE `tbl_access_matrix`
  MODIFY `id` int(11) NOT NULL AUTO_INCREMENT, AUTO_INCREMENT=4;

--
-- AUTO_INCREMENT for table `tbl_booking`
--
ALTER TABLE `tbl_booking`
  MODIFY `bookingId` int(4) NOT NULL AUTO_INCREMENT, AUTO_INCREMENT=5;

--
-- AUTO_INCREMENT for table `tbl_last_login`
--
ALTER TABLE `tbl_last_login`
  MODIFY `id` bigint(20) NOT NULL AUTO_INCREMENT, AUTO_INCREMENT=32;

--
-- AUTO_INCREMENT for table `tbl_reset_password`
--
ALTER TABLE `tbl_reset_password`
  MODIFY `id` bigint(20) NOT NULL AUTO_INCREMENT;

--
-- AUTO_INCREMENT for table `tbl_roles`
--
ALTER TABLE `tbl_roles`
  MODIFY `roleId` tinyint(4) NOT NULL AUTO_INCREMENT COMMENT 'role id', AUTO_INCREMENT=4;

--
-- AUTO_INCREMENT for table `tbl_task`
--
ALTER TABLE `tbl_task`
  MODIFY `taskId` int(4) NOT NULL AUTO_INCREMENT, AUTO_INCREMENT=3;

--
-- AUTO_INCREMENT for table `tbl_users`
--
ALTER TABLE `tbl_users`
  MODIFY `userId` int(11) NOT NULL AUTO_INCREMENT, AUTO_INCREMENT=15;
COMMIT;

/*!40101 SET CHARACTER_SET_CLIENT=@OLD_CHARACTER_SET_CLIENT */;
/*!40101 SET CHARACTER_SET_RESULTS=@OLD_CHARACTER_SET_RESULTS */;
/*!40101 SET COLLATION_CONNECTION=@OLD_COLLATION_CONNECTION */;
